Horizon,Accuracy,Precision,Recall,F1,AUC,AUPRC
1-Day,0.9666666666666667,0.0,0.0,0.0,0.7844827586206896,0.10818713450292397
7-Day,0.7333333333333333,0.5,0.25,0.3333333333333333,0.7883522727272727,0.5084842026845704
30-Day,0.7166666666666667,0.6,0.3157894736842105,0.41379310344827586,0.7317073170731707,0.5259145886972826
